Honorable,Frederigo,Bullingham,Moulton,Arapuey,Venezuela,3559827128385155
Ms,Margeaux,Bayns,Pawling,Huicheng,China,4936145050253206
Dr,Franciskus,Coulsen,Service,Yoichi,Japan,6333943035209671101
Dr,Orel,Ralton,Vera,Shangcunba,China,3561647280840458
Dr,Blondie,Wapples,Sloan,Puerto Bello,Philippines,5542331794027097
Rev,Davidde,Nutton,Anzinger,Łopuszna,Poland,4175008710928965
Honorable,Hilario,Friett,Buell,Cibitungmasjid,Indonesia,3588057167926124
Dr,Garreth,Henze,Fairview,Jianggu,China,3576408296681268
Honorable,Georgia,MacWhirter,Sauthoff,Svalöv,Sweden,30159573954243
Rev,Wilmette,Capun,Gina,Gabaldon,Philippines,3551682892833080
Rev,Juliette,Stronghill,Susan,Takahama,Japan,3572210546180776
Ms,Jeromy,Soffe,Sauthoff,Bato,Philippines,3573236803987057
Rev,Davita,Jurgenson,Hoepker,Hénin-Beaumont,France,5641829217620343736
Ms,Jeri,Benettolo,Everett,Xinyu,China,490508548152372197
Honorable,Miof mela,Larrad,Kedzie,Santiago de Baney,Equatorial Guinea,3567247922180233
Dr,Georgie,MacConnell,Dorton,Komsomol’skiy,Uzbekistan,4041370944265594
Rev,Haywood,Llorens,Ohio,Makanya,Tanzania,201953141378775
Mrs,Jodi,Guthrum,Thierer,Molave,Philippines,5100132542083075
Mr,Sherwin,Dahmel,Northwestern,Wangtuan,China,6759545623337683094
Mrs,Merrili,Penvarden,Farragut,Ia Kha,Vietnam,3532548102258067
Mr,Orsa,Smiz,Mockingbird,Xiping,China,4487559378901
Honorable,Daven,Cail,Charing Cross,La Loma,Mexico,3582949953542139
Honorable,Mureil,Driscoll,Hauk,Zhongtai,China,676719637472142361
Rev,Ginevra,Androsik,Barby,Log,Russia,6383512259879565
Rev,Ashby,Guido,Mccormick,Kåge,Sweden,3532275248452244
Dr,Faye,Burcombe,Kipling,Caba,Philippines,4950990441114091
Ms,Rudd,Lapsley,Anhalt,Cuauhtemoc,Mexico,4017952472165
Mr,Vassili,Vasyuchov,Dunning,Longtian,China,3577741076939350
Mr,Jenelle,Buntine,Sunbrook,Yongfeng,China,060404694477042705
Mrs,Johannes,Lowbridge,Village Green,Pital,Costa Rica,5100141777756925
Dr,Harmonie,Hellcat,Dorton,Isfana,Kyrgyzstan,3568155655224905
Mr,Yolanthe,Hickeringill,Golden Leaf,Piraju,Brazil,3584077420422269
Mrs,Tabbitha,Ungerechts,Reinke,Nacka,Sweden,376950183919267
Dr,Jerrome,Wakefield,Fallview,Herálec,Czech Republic,3575702575652359
Mrs,Mord,Warden,Debs,Dongshan,China,6334363516586937461
Mrs,Matthias,Oselton,Drewry,Sacsamarca,Peru,5602236709731062
Honorable,Neysa,Venus,Emmet,Château-Richer,Canada,3544384554138185
Rev,Lyndell,Schwandermann,Bunker Hill,Douala,Cameroon,3546885422660802
Honorable,Kaitlin,Pinck,Morningstar,Oporapa,Colombia,4917062050202815
Ms,Danella,Cornforth,Helena,Khotsimsk,Belarus,5007666827985102
Ms,Mattheus,Cristofolini,Mayfield,Wenfang,China,5602213430034264
Mrs,Mirella,Nolder,Duke,Kacha,Ukraine,5602222957863673084
Mr,Joli,Jochen,Mallard,Augusta,United States,3550346427530543
Mr,Abner,Pensom,Main,Ban Muang,Thailand,3579610508133502
Mr,Anders,Guilloneau,Warbler,Dokshytsy,Belarus,3539034064263448
Mr,Mahmud,Christon,Green Ridge,Pacasmayo,Peru,4936983533989537
Mrs,Wake,Cuckoo,Tomscot,Yeosu,South Korea,3567127467539151
Honorable,Alasteir,Jodkowski,Kropf,Chengnan,China,5450957837643837
Ms,Patrica,Fasse,Riverside,Nabunturan,Philippines,6331104962646749589
Honorable,Remy,Gladdifh,Monument,Kalayemule,China,30334144817530
Dr,Elyn,Gaiford,Graedel,Manabo,Philippines,633110723645186448
Dr,Barton,Kenealy,Sheridan,Presidente Dutra,Brazil,337941732944011
Mr,Aron,Stibbs,Rowland,Chigorodó,Colombia,3549239892749520
Rev,Saundra,Sooper,Oriole,Pakuwon,Indonesia,3562494318405569
Ms,Kati,Antonsson,Drewry,Zagórze,Poland,4903521393169060
Dr,Normand,Lembrick,Burning Wood,Hannover,Germany,372301947447712
Dr,Cross,Frankowski,Reindahl,Rossosh’,Russia,3578134964754561
Rev,Sharl,Chaldecott,Ramsey,Xiabuji,China,5602223696225555
Mr,Catie,Dayton,Londonderry,La Lima,Honduras,201941086941400
Mrs,Kiah,Callander,Hudson,Cergy-Pontoise,France,3582972512668435
Mrs,Robina,Linnit,Shasta,Mabiton,Philippines,5641825260445523318
Ms,Edmund,Desmond,Fulton,Issoire,France,3531915843845174
Ms,Gerry,Wayvill,Warrior,Koramlik,China,5100140612770844
Mrs,Lina,Mathouse,Corscot,Labog,Philippines,3580575764794973
Dr,Matilda,Akester,John Wall,Mugango,Tanzania,5610829240416100
Mrs,Gradeigh,Letham,Sunbrook,San Miguel,Mexico,3532972496465700
Honorable,Kendre,Goseling,Monument,Feteira Grande,Portugal,3568804291696840
Honorable,Anette,Biaggelli,Sunfield,Romanovo,Russia,3565896039000882
Mr,Coletta,Verden,Chive,Oumiao,China,3575257889516980
Mrs,Isaac,Harewood,Novick,Grujugan,Indonesia,4844120124378744
Mr,Portie,Tuckie,Barby,Primorskiy,Russia,5577741765673240
Dr,Rozella,Aisbett,Clemons,Chongqing,China,3564850021250865
Mrs,Myrvyn,Payze,Gerald,Roxas,Philippines,4175006823215957
Mrs,Rollins,Wesker,Arizona,Lagodekhi,Georgia,4175004716435071
Rev,Loree,Todhunter,Park Meadow,Pueblo Nuevo,Venezuela,3574084849203991
Mr,Brier,D'Ruel,Fallview,Ubá,Brazil,4917176459922045
Mr,Alikee,Bocking,Sloan,Krapina,Croatia,3548460046539119
Ms,Shela,Peltz,Banding,Yinhe,China,630440483198955080
Mr,Ruby,Treppas,Huxley,Néa Manolás,Greece,3552031384414083
Ms,Alley,Harlow,Village,Schaumburg,United States,3531449874285555
Ms,Aaren,Fulkes,Westridge,Fuzhou,China,560221966113677577
Mr,Marco,Tipling,Crowley,Brest,France,30162424925297
Dr,Dominique,Miners,Lien,Zhetian,China,374283876368606
Mr,Francene,Dalgarnowch,Farmco,Hengxi,China,3562367788386917
Ms,Xaviera,Muston,Wayridge,Tegalbuleud,Indonesia,5893566200642014
Mrs,Charyl,Gookes,Glendale,Portela,Portugal,3539999545850940
Honorable,Edsel,Vance,Bobwhite,Marseille,France,3577352485715082
Rev,Andra,Cressy,Hayes,Al ‘Āliyah,Tunisia,3573325442707586
Honorable,Rudd,Blinckhorne,Maryland,Wuhu,China,3587413622162444
Dr,Antony,Humble,Fordem,At Tibnī,Syria,3540207430786782
Dr,Annie,Lea,Londonderry,Karajeun,Indonesia,3574959523511027
Rev,Margot,Roisen,Stone Corner,Orléans,France,3582867830242436
Rev,Daisy,Keynd,Golden Leaf,Karangbayat,Indonesia,4405200492841241
Dr,Bastien,Camfield,Delaware,Tamorong,Philippines,5602221260183499
Dr,Mozelle,Surplice,Birchwood,Junglinster,Luxembourg,3577857377056387
Mr,Natale,Pestricke,Bluejay,Qinling Jieban,China,3557486683275186
Dr,Efrem,Bohling,Weeping Birch,Hamburg Bramfeld,Germany,5568703273384208
Honorable,Rod,Benito,Scofield,Kamenka,Russia,3564142331860850
Dr,Ulrika,Loads,Mifflin,Gelemso,Ethiopia,5301836614163451
Ms,Ingmar,Fyndon,Dayton,Chinchaypujio,Peru,3538800825510363
Mrs,Hewet,Connold,Merchant,Shiree,Mongolia,5108750856038047
Dr,Norris,Baudoux,Kedzie,Sovetskaya,Russia,3553682239742661
Ms,Maribeth,Phorsby,Amoth,Dagang,China,3551759492854854
Honorable,Rob,McCahill,Gale,Vân Tùng,Vietnam,3566968684856394
Rev,Krispin,Steel,Erie,Bendoroto,Indonesia,347334713883689
Honorable,Candace,Kennady,International,Licupis,Peru,6334124351987245
Mrs,Pandora,Aven,Mockingbird,Pingle,China,3580201142732581
Dr,Petr,Fairs,Crest Line,Batulawang,Indonesia,3565227777945056
Mr,Mannie,Nazareth,Bartillon,Garupá,Argentina,6384787285200817
Mr,Cherin,Bilton,8th,Asan,South Korea,5100176814038259
Honorable,Binnie,Gettings,Burrows,Pirapozinho,Brazil,3572336868597873
Dr,Roma,Skotcher,Katie,Kimakamak,Indonesia,3561610176328988
Ms,Douglass,Kunze,Knutson,Kotes,Indonesia,3572275702816174
Ms,Caron,Rabbe,Anzinger,Pho Si Suwan,Thailand,4026525059801033
Ms,Alexis,MacConneely,Del Mar,Yelizavetinskaya,Russia,30388164323423
Dr,Eadie,Jiricka,Milwaukee,Ami,Japan,5893565130026505821
Rev,Pernell,Jenkinson,Norway Maple,Rizal,Philippines,3565082474131496
Honorable,Arnold,McDill,Crest Line,Kuroishi,Japan,3555714656995668
Mrs,Martie,Pawlata,Westend,Salām Khēl,Afghanistan,677140324304260128
Rev,Casandra,Nezey,Nelson,Waco,United States,58936106350475879
Mr,Dian,Chagg,Harper,Poções,Brazil,3568808606409781
Dr,Conni,Prydie,Miller,Kertabumi,Indonesia,5602235138275531096
Dr,Jakie,Meak,Dakota,Dome,Ghana,3538542802789715
Ms,Colette,Shippey,Swallow,Los Andes,Colombia,3563992192862077
Mr,Jeno,Jennaroy,Fisk,Gongdanglegi Kulon,Indonesia,3536336038081092
Rev,Xerxes,Garham,Towne,Achadinha,Portugal,3569819326539632
Ms,Caty,Domoni,Mitchell,Jardín América,Argentina,5556464474252801
Mr,Obie,Duncanson,Hazelcrest,Wintzenheim,France,5100173614279118
Honorable,Farica,Coley,Crowley,Cilolohan,Indonesia,4041595184323626
Ms,Lucilia,Kochs,Mandrake,Bang Khon Thi,Thailand,5610927371809422
Mr,Charla,Eschalotte,Kedzie,Klerksdorp,South Africa,3556277440740476
Ms,Molly,Scoble,Annamark,Zašová,Czech Republic,491192333196960110
Ms,Jerrilyn,Pollastrone,Veith,Sawankhalok,Thailand,3531155341903742
Honorable,Odetta,Itzcovich,Summerview,Mabua,Philippines,201768705080629
Rev,Garth,Clorley,Novick,Jiaokui,China,5602239400361862066
Mrs,Robers,Lineen,Brentwood,Oslo,Norway,30318058626599
Honorable,Gardiner,Alster,Di Loreto,Baabda,Lebanon,4017957033202
Rev,Northrop,Pawelczyk,Del Sol,Okcheon,South Korea,3583272496194659
Mr,Cortney,Platfoot,Melrose,Pangapisan,Philippines,675924711674041383
Dr,Candice,Petch,Brentwood,La Motte-Servolex,France,6391517570987344
Rev,Lizabeth,Bisatt,Crest Line,Gjoa Haven,Canada,3576515817632016
Ms,Maurizia,Matisse,Center,Motala,Sweden,3559246055348104
Mrs,Sharline,Tincknell,International,Lahat,Indonesia,5275054669491726
Rev,Randi,Gillett,Melby,Carapelhos,Portugal,4026205822212293
Honorable,Billie,Grzelczak,Nancy,Kajanan,Indonesia,30514056375292
Dr,Nevsa,Dee,Thierer,Luoting,China,377377662950788
Mrs,Annaliese,Spieck,Columbus,Sai’erlong Xiang,China,3545267302003067
Dr,Allard,Verlinden,Harbort,Ningyang,China,63040780514227344
Honorable,Kurt,Mattiuzzi,Gale,Zhongchao,China,372301200720813
Honorable,Maddi,Chape,Bayside,Mamonovo,Russia,5602258689515645528
Honorable,Kyla,Mallya,Muir,Jalālpur,Pakistan,3536538030930545
Ms,Wiatt,Kempton,Ohio,Castlerea,Ireland,3578231997195968
Rev,Berta,Bradwell,Shasta,Orzu,Tajikistan,3571198943365044
Honorable,Nolana,Piggens,Hanover,Myanaung,Myanmar,5100142292897988
Rev,Yank,McFaul,Judy,La Roche-sur-Yon,France,5538219982851376
Honorable,Sherie,Berling,Lake View,Jikamshi,Nigeria,3557899945298061
Rev,Aveline,Barnaclough,5th,Shiree,Mongolia,374283992457853
Mr,Lazarus,Monery,Garrison,Huangqiao,China,3535844023420192
Honorable,Gusti,Kopelman,Crescent Oaks,Otrado-Kubanskoye,Russia,3584264391068533
Dr,Denys,Haddleton,Dunning,Sacramento,United States,6762498190901337011
Mrs,Sergent,Sandal,Myrtle,Caracol,Haiti,564182900537483337
Mr,Harri,Arundel,Kensington,Burgastai,China,3551952721262359
Mrs,Elwood,O'Hare,Erie,Villanueva,Philippines,3578227106864460
Dr,Aida,Yeskin,Heffernan,Samara,Russia,5007663215788008
Honorable,Blake,Woolrich,Hoard,Pavlovskaya,Russia,3532721446345292
Rev,Nadya,Kitman,Farwell,Sang-e Chārak,Afghanistan,4175003567763789
Ms,Brantley,Eisikovitsh,Sommers,Dongle,China,5602223744195031630
Mrs,Selma,Staker,Hanover,Željezno Polje,Bosnia and Herzegovina,5007662948086292
Ms,Carley,Schultze,Thackeray,Suvorov,Russia,3542766622576606
Ms,Ellswerth,MacMaykin,Rusk,Taiyangling,China,3571496502083580
Ms,Urson,Le Maitre,Melody,Goundi,Chad,3543295595837000
Mrs,Marielle,Benedyktowicz,Bonner,Münster,Germany,201974289739834
Honorable,Brynna,Rayworth,Elmside,Postira,Croatia,56022563752678618
Rev,Gorden,Jorez,Browning,Aleksandrów,Poland,3545386609545743
Rev,Farand,Imorts,Mifflin,Umm as Sāhik,Saudi Arabia,201941222348577
Honorable,Lavena,Burnapp,Blaine,Bella Vista,Dominican Republic,6334026070171565039
Mr,Brendis,Claypoole,Harper,Bourg-en-Bresse,France,3543256626655464
Mr,Leora,Trendle,Red Cloud,Uticyacu,Peru,3554579723072697
Dr,Emilia,Shephard,Gateway,Baruchowo,Poland,30142852106297
Mrs,Floyd,Kelsow,Raven,‘Izrā,Jordan,5602242037364725216
Honorable,Robin,California,Homewood,Locminé,France,3533320200995928
Mr,Ash,Povlsen,Ruskin,Nianyushan,China,4175002075994498
Honorable,Sheelagh,Cinelli,Declaration,Shihuang,China,5048374472023177
Dr,Vladamir,Haymes,Rigney,Yangshufang,China,5318497410604536
Dr,Donica,Lamanby,Superior,Sitularang Landeuh,Indonesia,3546787150902333
Honorable,Alastair,Viggars,Northland,Cariamanga,Ecuador,5602241316048561
Mrs,Hercules,Wayne,Charing Cross,Kampungraja,Indonesia,5349608783395964
Mr,Angy,Blakden,Derek,Gondar,Portugal,676294252695209147
Honorable,Guthrie,Falla,Northview,Kufayrit,Palestinian Territory,4041597542646
Honorable,Jacquelynn,Killner,Monument,Semampir,Indonesia,3547602536545145
Mr,Katalin,Donnersberg,Hoard,Kvissleby,Sweden,560221650910809548
Mrs,Thedric,Havile,Norway Maple,Jingtailu,China,5555536528712038
Rev,Lorne,Pipworth,Crowley,La Calera,Argentina,3552212983232346
Mrs,Darcee,Govini,Iowa,Shentang,China,6390624273775207
Honorable,Nerty,Sinisbury,Artisan,San Celestio,Philippines,5610076057217490
Ms,Marielle,Pattie,Scott,Thun,Switzerland,3531751596849455
Rev,Idalia,Satteford,Alpine,San Luis,Mexico,3532825523137066
Mr,Thatcher,Krause,Scofield,Senador Canedo,Brazil,5237332263616907
Mrs,Georgetta,McAtamney,Sugar,Umeå,Sweden,6304731720560358
Rev,Reider,Boulger,Muir,Weibin,China,5641821613106668
Dr,Marget,Olliffe,Eastwood,Vysoké Mýto,Czech Republic,5002353774580682
Honorable,Ofelia,Frigot,Prairie Rose,Rukem,Indonesia,5610173505833897887
Ms,Tulley,Conrath,Karstens,Gambut,Indonesia,5582900609425935
Mrs,Ange,Sillwood,Blue Bill Park,Marzhing,China,3567905715315064
Mrs,Petronille,Francklin,Claremont,Lyublino,Russia,3545428399311603
Dr,Merrilee,Mimmack,Anhalt,Xinpo,China,3540597901848966
Mrs,Alano,Bliven,Reinke,Pingyi,China,3554374202762095
Mr,Ranique,Learoyd,Maywood,Viking,Canada,670648245135357449
Mr,Theda,Chesshire,Fairfield,Jiekou,China,201788645628758
Honorable,Ruben,Akred,Hallows,Yonglong,China,337941433862413
Mr,Hale,Dowall,Clyde Gallagher,Kebonagung,Indonesia,3577487153265018
Mrs,Thedrick,Sjostrom,American,Antabamba,Peru,3558368510526594
Rev,Milicent,Chuter,Fallview,Njeru,Uganda,5358011179466549
Mr,Olympia,Fencott,Mcbride,Krivodanovka,Russia,4649176496685
Rev,Cordelia,Alekseicik,Rusk,Caijiapu,China,348491597825530
Mrs,Madelene,Wyant,Katie,Hucun,China,564182432902552488
Ms,Sherlock,Samways,Main,Kizilyurt,Russia,3581074055180554
Dr,Elicia,Rowlinson,Boyd,Ratnapura,Sri Lanka,5602228899332983
Ms,Billie,Hauxby,Heath,Huanggang,China,3586794867661591
Mr,Lenette,Harrison,Dorton,Wenwucao,China,3532582664965983
Ms,Willa,Coryndon,Russell,Jakusko,Nigeria,3549438001913056
Dr,Lorianne,Wilce,Golden Leaf,Gradishtë,Albania,3554492545063185
Mr,Galvan,Hedgecock,David,Malonty,Czech Republic,30183239359746
Mrs,Gary,Janaszkiewicz,Dottie,Ganja,Azerbaijan,372301729501991
Rev,Zena,Sybry,Elmside,Bella Vista,Dominican Republic,630416764501426079
Ms,Harli,Anker,Brown,Wuning,China,5602257840533324
Rev,Weidar,Hugli,Twin Pines,Maunatlala,Botswana,3531334678493995
Mrs,Garrek,Hunnybun,Wayridge,Qinglian,China,5010129518793959
Mr,Riccardo,Antley,Coolidge,Murtajih,Indonesia,3531441025495845
Dr,Drud,Aldridge,Orin,Tenkodogo,Burkina Faso,6384740108318407
Ms,Reinald,Berger,Troy,San Pedro Apartado,Philippines,3585901698111990
Ms,Lisha,Loachhead,Ramsey,Rublëvo,Russia,3532541531026148
Dr,Ira,Raymont,Schmedeman,Mỹ Xuyên,Vietnam,4913148920963993
Ms,Harrie,Ritson,Cascade,Perosinho,Portugal,3560753891731085
Mrs,Maximilien,Brassington,Oakridge,Pouzauges,France,3536259230630807
Ms,Joell,Kentish,Center,Malaga,Spain,3542689844438951
Mrs,Donny,Atwater,Briar Crest,Mrzeżyno,Poland,4936011220973836
Mr,Kameko,Riddoch,Russell,Donegal,Ireland,5602226639189775647
Honorable,Doris,Karmel,Maple,Buenavista,Mexico,3531823638360393
Mrs,Lind,Filippyev,Columbus,Fengjia,China,3548396434300740
Mrs,Halette,Scorthorne,Holy Cross,Albion,Mauritius,4936454773139393361
Dr,Matias,Selkirk,Fordem,Baška Voda,Croatia,502007653263743894
Rev,Chrissy,Saddington,Crownhardt,Brnaze,Croatia,5602251388844920
Ms,Corena,Walter,Evergreen,Jinsha,China,3536937287554034
Rev,Rodolphe,Gregori,Northport,Río Grande,Argentina,3572458038481125
Dr,Shirl,Aubrey,Pankratz,Quaraí,Brazil,4936944584046471770
Rev,Bibby,Byk,Ludington,Dakoro,Niger,5641829686348760
Mr,Spencer,Gomez,Bartelt,Vysokovsk,Russia,4911080169390909844
Mrs,Dulcy,Sainteau,Bluejay,El Caño,Panama,201803884576350
Honorable,Temp,Bateup,Stone Corner,Petřvald,Czech Republic,5007665822713865
Rev,Noella,Kaysor,Kim,Celeirós,Portugal,5010126723717344
Rev,Myrwyn,Bonallick,Service,Zhongzi,China,30457895970297
Mr,Ramonda,Tims,Hermina,Boafeo,Indonesia,4041377192753932
Rev,Carlie,Saladino,Clarendon,Koz’modem’yansk,Russia,3556942139452044
Mrs,Amery,Rajchert,Anderson,Semamung,Indonesia,30381476182637
Mrs,Deck,Holehouse,Ludington,Maliang,Indonesia,3530119459062478
Honorable,Addy,Lots,Shopko,Capelinha,Brazil,3553271386630869
Rev,Annamaria,Slimings,Northfield,Parreira,Portugal,4917507468745094
Ms,Allianora,Rubinow,Scofield,Sōja,Japan,3534909328468930
Ms,Leonid,Cumbers,Walton,Alingsås,Sweden,4026953942278740
Rev,Jackie,Dimmick,Becker,Wuppertal,Germany,3536244192597715
Dr,Sigvard,Prescot,La Follette,Mercedes,Philippines,5100172966632155
Dr,Axe,Hayer,Hermina,Pangligaran,Indonesia,56022325474298897
Ms,Kimball,Chezier,Heffernan,‘Irbīn,Syria,3574810781871886
Dr,Opaline,Maleney,Maryland,Shitan,China,201428977012293
Dr,Dayna,Barg,Ruskin,Khvalovo,Russia,5100135036042895
Ms,Clari,Lillgard,Merchant,Haymā’,Oman,6333304464464936376
Ms,Merridie,Innman,Superior,Buga,Philippines,201663463757015
Rev,Kip,Frugier,Memorial,Nancy,France,3557791205038941
Honorable,Ambrosi,Meininger,Lighthouse Bay,Kayukembang,Indonesia,374408205480406
Mrs,Benetta,Cruz,Dayton,Hedong,China,4903864842253535059
Honorable,Gwenni,Yegorev,Kim,Guyancourt,France,3541887206970857
Mr,Pamela,Gimeno,Doe Crossing,Sombor,Serbia,3579514321183704
Honorable,Savina,Ledram,Brentwood,Raposeira,Portugal,3585185428315879
Mrs,Herminia,Avrahamian,Mcguire,Miastko,Poland,6381305356897925
Ms,Bernelle,Varnes,Lukken,Kaca,Indonesia,4175003154117514
Mrs,Junette,Mulliner,Summer Ridge,Orocué,Colombia,503883830965712081
Mrs,Zebedee,Larby,Anderson,Tanumshede,Sweden,3549204085869527
Mrs,Phebe,Kegan,Eastlawn,Sar-e Pul,Afghanistan,3553667729271594
Mr,Evonne,Warratt,Elka,Gwio Kura,Nigeria,6706285831735288
Honorable,Cordie,Menghi,Del Mar,Wenceslau Braz,Brazil,3555767072950709
Rev,Morna,Halvosen,Truax,Wawu,China,3570992055136982
Mrs,Jacquette,Gullberg,Colorado,Monguno,Nigeria,5007669665827980
Rev,Marvin,Oldall,Elmside,Challans,France,3563730487432259
Mrs,Danya,Mycroft,Canary,Georgiyevsk,Russia,3549418667615914
Honorable,Andee,Normant,Bunker Hill,Kanshan,China,3545616018208909
Ms,Dorena,Tomik,Hoffman,Athens,Greece,5482950307216285
Ms,Alfi,Fealey,Paget,Chumphon Buri,Thailand,3574363884882442
Rev,Shandeigh,Redit,Russell,Stuttgart,Germany,3539777728201226
Rev,Westleigh,Jecks,Lake View,Wuxiang,China,201425079233116
Mrs,Euell,Joule,Cody,Kommunar,Russia,5530715610540933
Ms,Otto,Betjeman,Waubesa,Anchorage,United States,6762523007986462
Mrs,Loretta,Coats,Waywood,Wewit,Indonesia,3560675906479592
Honorable,Claudianus,Spykins,Scofield,Redon,France,3549260881819314
Honorable,Phyllis,Mc Caughen,Riverside,Gachancipá,Colombia,3581673606112113
Rev,Prinz,Ivancevic,Lindbergh,Muhos,Finland,4508066171598667
Ms,Rosana,O'Doogan,Center,Butiá,Brazil,3586898329417680
Mr,Ulla,Insley,Carberry,Jiulong,China,3548390691366064
Dr,Eddy,Admans,Memorial,Iida,Japan,491159575088327706
Rev,Carter,Lefwich,American Ash,Jiazhuang,China,201733777385264
Rev,Lanni,Lomansey,Carberry,Wangxian,China,4911885597110318366
Mr,Jacklyn,Seydlitz,Hanson,Yudong,China,4041597866219
Dr,Josey,Bennallck,Donald,Gununglarang,Indonesia,337941893811090
Dr,Clary,Hartlebury,Veith,Parakou,Benin,5602257281868841
Honorable,Benjamin,Axe,Crest Line,Bangan-Oda,Philippines,4508963753568656
Mrs,Eartha,Haffenden,Leroy,Parabcan,Philippines,201824160309241
Mr,Brent,Vicary,Kenwood,Carnot,Central African Republic,493631358349225918
Honorable,Allianora,Lelande,Arapahoe,Laspezia,Italy,201470029278316
Dr,Skylar,Noddings,South,Longjin,China,3558446233434955
Ms,Gertruda,Briffett,Barnett,Changfeng,China,5100177635733250
Rev,Barde,Setterington,Buell,Murzuq,Libya,3585988649069088
Mrs,Craggie,Brand-Hardy,Chive,Hualian,Taiwan,5602224115182568158
Dr,Alisander,Waddams,Anniversary,Groningen,Netherlands,4041372386045
Ms,Karlie,Jolliman,Bartelt,Palilula,Serbia,3549434172334917
Honorable,Cilka,Henker,Di Loreto,Tonghae,South Korea,3559388269704902
Mr,Morgen,Thurber,Mallory,Dobra,Poland,3577976330968007
Mr,James,Huckfield,Sauthoff,Jinhe,China,3552280403210440
Dr,Thaxter,Broader,Onsgard,Bual,Philippines,5100726529647875
Dr,Walsh,Mapis,Portage,Jembayan Hitam,Indonesia,3546074632278388
Rev,Nye,Yelden,Debra,Hanyuan,China,6396705338539268
Mrs,Pamella,Daine,Caliangt,Sheli,China,3568261618026625
Dr,Arda,Saberton,Nancy,Cruzeiro do Sul,Brazil,4936724031146745
Dr,Grantley,Paolillo,Springs,Capela,Portugal,30466567707200
Honorable,Anabella,Broker,Fordem,Motuo,China,3546238294970794
Rev,Danice,D'Angeli,Grayhawk,Tapon,Philippines,5100137085084182
Honorable,Meris,Hillam,Rigney,Miejska Górka,Poland,3572521992714904
Dr,Vincenty,Tomkin,Shasta,Singgugu,Indonesia,3554067548846487
Rev,Pooh,Sivewright,Fallview,Gaoqiaolou,China,3587782959829936
Mrs,Bunni,Dyke,Forest,Šentilj v Slov. Goricah,Slovenia,3553835191213291
Mr,Darrick,Smallbone,Nobel,Caparrapí,Colombia,3530521214657346
Rev,Alene,Nanelli,Montana,Ágios Spyrídon,Greece,201660700194804
Dr,Urban,Phette,Tony,Cimişlia,Moldova,3547167447801706
Rev,Brynn,Marusic,Pearson,Pili,Indonesia,5602235143479635
Mr,Chandal,Adshed,Clarendon,Cibiru,Indonesia,6397025207434353
Mr,Tuck,Baxster,Coleman,Álvares Machado,Brazil,5602249213369329
Ms,Sara-ann,Coarser,Eagan,Liwu,China,372043962202958
Honorable,Norrie,Paulig,Duke,Mariinsk,Russia,3582221073358154
Honorable,Cassi,Humbie,Knutson,Ferapontovo,Russia,372301517774883
Mrs,Rosanna,Seamons,Packers,Curumaní,Colombia,56022426950339666
Mr,Leonidas,Thody,Eastwood,Jingchuan Chengguanzhen,China,4041376574949134
Dr,Lance,Noone,Bunker Hill,Slobodskoy,Russia,633458342016575111
Dr,Netti,Lucks,Mayfield,Charleston,United States,67710524321335282
Honorable,Joela,Samter,Del Sol,Baishi,China,5100144986841926
Mr,Rachelle,Groom,Darwin,Sokodé,Togo,3542266445417302
Ms,Bernie,Brozsset,Hanover,Raduzhnyy,Russia,201714899133691
Rev,Sophronia,Males,Sugar,Lüxiang,China,4175002678238756
Mrs,Eleen,Rampling,Mitchell,Paso de los Libres,Argentina,5602248476163502
Ms,Claudius,Cobain,6th,Langpas,Philippines,30286424112240
Mrs,Rurik,Elsop,Shelley,Amphoe Sikhiu,Thailand,3570913371919281
Ms,Christos,Armytage,Mifflin,Kalangbret,Indonesia,4508897980598625
Ms,Veronike,Snoddin,Lawn,Cabañas,Guatemala,3587785886498204
Rev,Sidoney,Moehle,Forest Run,Dióni,Greece,6759121512781141
Mrs,Ardelis,Fishwick,Dawn,Schengen,Luxembourg,374622799972681
Dr,Kylen,Friedlos,Kipling,Puerto Cabezas,Nicaragua,30371372392927
Mrs,Hardy,Simioni,Reinke,Margabakti,Indonesia,50203142315412965
Mr,Bernelle,Longworthy,8th,Moxi,China,201628957723955
Rev,Harriette,Elwill,Oneill,Bondoufle,France,3548777394258848
Honorable,Brit,Felton,Calypso,Rodez,France,4026011758658727
Honorable,Lorraine,Iuorio,Warbler,San Javier,Uruguay,6333819685651746214
Honorable,Kessiah,Gillhespy,Center,Isulan,Philippines,4041374287710554
Dr,Devon,Aust,Southridge,Timrå,Sweden,3528271053568659
Mrs,Neille,Wharmby,Kensington,Mamedkala,Russia,342994612511700
Mr,Allis,Rozec,Rockefeller,Žrnovo,Croatia,503819697370090380
Mrs,Vanya,Warricker,Maryland,Yélimané,Mali,3567333873577443
Dr,Colin,Renton,Glacier Hill,Kulase,Philippines,3540611932917946
Rev,Donelle,Lydall,Maywood,Phù Mỹ,Vietnam,3561287481271193
Dr,Arlana,Berzins,Glendale,Shigony,Russia,5048371049325432
Honorable,Adora,Priditt,Coleman,Åmål,Sweden,3560440385794569
Dr,Lannie,Rehorek,Thierer,Hexi,China,6370552780102991
Mrs,Malina,Latta,Lotheville,Primorsko,Bulgaria,3542913440400037
Mr,Lin,Trulocke,Eagan,Jinjiang,China,3574806975259730
Mrs,Beatriz,Folan,Toban,Palca,Peru,3563909558605213
Ms,Alexander,Blanchflower,Mayer,Laholm,Sweden,3559734443396588
Mr,Montague,Bilston,Garrison,Rueil-Malmaison,France,56022494334966950
Honorable,Fania,Caston,Sachtjen,Évlalo,Greece,3570292105930801
Mr,Marylou,Danniel,Buell,Promissão,Brazil,3577526351609434
Dr,Dora,Noke,Cordelia,Kalpáki,Greece,3533356686711900
Dr,Shirlee,Keune,Anthes,Palaiochóri,Greece,30260054939594
Mrs,Pietrek,Merrison,Orin,Hua Hin,Thailand,676193902174570581
Honorable,Teddi,Simao,Cambridge,Candi,Indonesia,3551643261118339
Honorable,Hewett,Sole,Hazelcrest,Catamayo,Ecuador,5602235858982161
Ms,Alicia,Tillard,Chinook,Chantilly,France,3554611745560282
Rev,Sylas,Crunkhurn,Victoria,Zhongshan,China,3534993461000791
Mrs,Marji,Lawdham,Miller,Azor,Israel,201717511016673
Rev,Bradney,Phonix,Arrowood,Nesterovskaya,Russia,36734756542827
Dr,Liane,Phalip,Merry,Kėdainiai,Lithuania,3536228167643448
Ms,Hermann,Gudahy,Oak,Yongshan,China,4017953458205369
Rev,Reinaldos,Pickerill,Cherokee,Urshel’skiy,Russia,4913979437843934
Ms,Lurline,Mulloch,Pond,Lancang,Indonesia,6377216273718126
Honorable,Isis,Cominetti,Welch,Ladysmith,Canada,67718322833221328
Dr,Fabiano,Lambie,Sage,Jilong,China,5249672963186552
Dr,Katha,Ilyuchyov,Utah,Wiang Chiang Rung,Thailand,3579832071203583
Dr,Vidovik,Todarello,Esch,Kishorganj,Bangladesh,341637247823435
Mrs,Shay,Beville,Lukken,Kasongo,Democratic Republic of the Congo,4913919380911817
Mr,Megen,Stabbins,Harper,Poroj,Macedonia,3589000709307105
Honorable,Evania,O'Luby,Roxbury,Barat,Indonesia,6709352213989359
Mrs,Temple,Templar,Carberry,Priyutovo,Russia,589364642160686763
Rev,Moreen,Blemen,Barby,Riga,Latvia,3544042505579093
Mrs,Aaron,Menichino,Killdeer,Luau,Angola,3548541298965993
Mrs,Montague,Vigers,Mariners Cove,Karatsu,Japan,3546722059535322
Mrs,Crysta,Sitwell,Vidon,Aguas del Padre,Honduras,3555702166583926
Rev,Elysha,Glacken,Burrows,Jalasenga,Indonesia,3562819111889918
Dr,Jeramey,De Hailes,Mosinee,Ballymahon,Ireland,5602227815229588
Ms,Clarice,Frude,Fisk,Anuchino,Russia,3536138175916605
Rev,Gannon,Liell,Buell,Portela,Portugal,6304818552410156
Honorable,Brandon,Spratling,Scoville,Hamilton,Bermuda,5010122051667946
Mr,Mabel,Pisculli,Corscot,Bingerville,Ivory Coast,201917370455034
Rev,Kellia,Swetmore,Meadow Ridge,Emiliano Zapata,Mexico,3564042208088850
Mr,Massimiliano,Streight,School,Hongde,China,4911429579538195140
Honorable,Deana,Keir,Alpine,Shaxi,China,3535942243165967
Dr,Larina,McGloughlin,Blue Bill Park,Tatsuno,Japan,67068542438264557
Mr,Eduino,Greenwood,Havey,Bazzāryah,Palestinian Territory,201710898587275
Dr,Herb,Biddles,Muir,Proletarsk,Russia,4508727096754814
Mrs,Bryce,Ghio,Anhalt,Gourma Rharous,Mali,4508184904831360
Mr,Marcella,Sandeman,Golf View,Xiaochuan,China,670663871271631592
Honorable,Jeniece,Biasetti,Springs,Huangling,China,67716350307543572
Mrs,Lenore,Gaiger,Huxley,Timba Timuk,Indonesia,3577680676898196
Ms,Melanie,Durtnal,Vermont,Talalora,Philippines,56022411947168592
Rev,Gratiana,O'Flaverty,Carey,Pasadena,United States,4844456469291328
Mr,Marius,Rosewall,Tomscot,Madison,United States,3566838363621999
Dr,Eward,Myles,Huxley,Schaan,Liechtenstein,5461401943252024
Mr,Catlin,Instock,Park Meadow,Kedungbulu,Indonesia,5477963561445505
Mr,Stacy,Sharpe,American Ash,Toulouse,France,30056502294719
Honorable,Muhammad,Zamora,Dwight,La Falda,Argentina,3535502334243485
Dr,Jacob,Hurles,Cody,Sardasht,Iran,3540434730115781
Ms,Vassily,Harrinson,Karstens,Tawaramoto,Japan,3545342974004998
Rev,Dorothea,Causnett,Birchwood,Templeogue,Ireland,201644369936507
Rev,Keith,Skyrme,Huxley,Cimaragas,Indonesia,5007661819872046
Rev,Powell,O'Hartnett,Dayton,Mizhirah,Saudi Arabia,3560246339357365
Rev,Conrado,MacFadyen,Mosinee,HanHuang,China,3588392762013691
Rev,Octavia,Dunican,Northfield,Xiaojiezi,China,56022248277421146
Dr,Lucille,Sesser,Superior,Zhongxin,China,3538876584666406
Dr,Kaela,Cardno,Burrows,Khawr Maksar,Yemen,3529870682687191
Mr,Edouard,Gerg,Barby,Agualva de Cima,Portugal,3573233088069099
Mrs,Juan,Levy,Russell,Guia,Portugal,201951994965045
Mrs,Zane,Hugnin,Spaight,Chernoyerkovskaya,Russia,6389075675942403
Mr,Barn,Leyninye,Columbus,Muramatsu,Japan,30143931187522
Mrs,Gray,Palfrey,Dakota,Tandag,Philippines,3552019515985766
Ms,Morna,Kirdsch,Tomscot,Kaligutan,Philippines,30420815005446
Dr,Obie,Girardoni,Banding,Cam Ranh,Vietnam,3559952683034020
Honorable,York,Gilbody,Surrey,Sunchales,Argentina,6767649952878888376
Mr,Dido,Dysert,Haas,Calebasses,Mauritius,6706755900326631
Mrs,Nyssa,Sandeland,Gulseth,Divača,Slovenia,372301616551067
Mrs,Ludovika,Bowne,Montana,Anse à Galets,Haiti,5386297102448334
Dr,Kurt,Cleaves,Myrtle,Ciduren,Indonesia,3542148810561148
Mr,Niki,Bricknell,Pearson,Dimitrovgrad,Bulgaria,3562306955454413
Rev,Kirsten,Bonner,Monument,Ayo,Peru,3537209846952789
Ms,Viviyan,Dey,Hoepker,Căuşeni,Moldova,3589841516828290
Mr,Arabela,Barth,Ilene,Sangmélima,Cameroon,3575439491269634
Ms,Katharina,Kenneford,Clove,Arvayheer,Mongolia,5100140669388615
Mrs,Tait,Core,Dahle,Baños,Ecuador,3559816659707051
Rev,Blancha,Zanetti,Sycamore,Ketawang,Indonesia,3532956843829338
Rev,Hilario,Jostan,Rigney,Dongkan,China,3572830993051459
Rev,Iver,Tacker,Heffernan,Huzhou,China,3541553343765010
Ms,Nadine,Durdy,Kropf,Eksjö,Sweden,3549961137467333
Mr,Rriocard,Paullin,Kensington,Jiangduo,China,3537092014544004
Mrs,Judi,Evamy,7th,Blumenau,Brazil,4936393296088303995
Rev,Beatrix,Sign,Bartelt,Ancahuasi,Peru,6759868280464363
Mr,Minna,Fearon,Fair Oaks,Las Parejas,Argentina,5010122666025803
Honorable,Sherwood,Gladhill,Eggendart,Reims,France,30296859562298
Mr,Kellen,Longhorne,Carioca,Goroka,Papua New Guinea,5439507047768977
Mr,Seumas,Scibsey,Autumn Leaf,Rattanawapi,Thailand,372301174931487
Ms,Jameson,Storrie,Menomonie,Kalamangog,Philippines,4041372880740
Dr,Wenda,Merrien,Johnson,Dole,France,3589834858691707
Dr,Normy,Tunuy,Vidon,Qarah Ẕīā’ od Dīn,Iran,5002358894632040
Honorable,Kathryne,MacGragh,Bashford,Itanhandu,Brazil,3589995362323150
Rev,Horacio,Swale,Judy,Huishi,China,372301767850672
Mrs,Mohandas,Packham,Larry,Nykarleby,Finland,3576047007723595
Honorable,Ilyse,Brands,Manufacturers,Pandansari,Indonesia,3564141256896030
Rev,Hamnet,Skelington,Leroy,Celestynów,Poland,3544680454566635
Dr,Franny,Asman,Anniversary,Santa Cruz de Guacas,Venezuela,3563531805644280
Honorable,Carver,Janacek,Nobel,Kokkinóchoma,Greece,3553043910815641
Ms,Christos,Speirs,Buhler,Tsákoi,Greece,63041505826366954
Dr,Faustine,Limming,Nelson,Istres,France,3585696619045372
Ms,Thoma,Toone,Union,Changqiao,China,4175006491391833
Mr,Donni,McGreay,Mcguire,Boden,Sweden,372301232122285
Ms,Nickey,Arnason,Ludington,Napoli,Italy,5560206303765915
Ms,Gradeigh,Tressler,Lighthouse Bay,Ortega,Colombia,3581490383245408
Honorable,Melva,Accum,Sachtjen,Dzerzhinsk,Russia,5048377798044678
Dr,Dorothee,Andreev,Lukken,Sidoger Lebak,Indonesia,3550618788464045
Honorable,Victor,Benardeau,Monterey,Chaihe,China,3567405269386942
Mrs,Euphemia,Roscam,Declaration,Sabaneta,Venezuela,3554803790503743
Rev,Estella,Regardsoe,Jackson,Beidou,China,3572146225398786
Mrs,Thaddus,Fri,Stoughton,Józefów,Poland,3583249855967065
Rev,Tobey,Lobe,Pearson,Shawnee Mission,United States,5100177954064642
Rev,Corinne,McConville,Portage,Barranca,Peru,56022373266536728
Mr,Hurlee,Mallebone,Hoffman,Gīvī,Iran,30572611469109
Mr,Jolyn,Paolazzi,Morningstar,Utrecht (stad),Netherlands,30138567373990
Dr,Zacharias,Basham,Service,Huayuan,China,503868833116488071
Mr,Dale,Aitchinson,Gateway,Buliran Segundo,Philippines,4508787019291054
Dr,Arline,Mandy,Mendota,Suncheon,South Korea,201599266123643
Ms,Leslie,Suffe,Haas,Tsirang,Bhutan,3531267499542303
Mrs,Des,O'Corr,Luster,Itacorubi,Brazil,3550870513466353
Ms,Pamela,Robez,Thierer,Pubu,China,4017959758582
Rev,Alonzo,Donnan,Toban,Rosetta,Egypt,4017955334560
Ms,Basilio,Di Maria,Saint Paul,Xinglong,China,3562760480403636
Rev,Nata,Bengochea,Fremont,Třebíč,Czech Republic,56022400296320367
Rev,Sheppard,Stowgill,Pearson,Sucre,Peru,5602216017524821
Dr,Antoine,Toe,Park Meadow,Naqadeh,Iran,201853384870837
Dr,Carley,Pilch,Cascade,Margaharja,Indonesia,3588580768280369
